,username,query_date,report_name,doc,start_date,end_date,is_period,query_date_year,query_date_month,query_date_day,query_date_weekday,doc_start_date_year,doc_start_date_month,doc_start_date_day,doc_start_date_weekday,doc_end_date_year,doc_end_date_month,doc_end_date_day,doc_end_date_weekday
24,mPOS,2017-02-10,mPOS,FMT_POS_0310,,,True,2017,2,10,5,0,0,0,0,0,0,0,0
57,mPOS,2017-02-10,mPOS,FMT_POS_0310,,,True,2017,2,10,5,0,0,0,0,0,0,0,0
98,mPOS,2017-02-08,mPOS,FMT_POS_0310,,,True,2017,2,8,3,0,0,0,0,0,0,0,0
131,mPOS,2017-02-10,mPOS,FMT_POS_0310,,,True,2017,2,10,5,0,0,0,0,0,0,0,0
198,mPOS,2017-02-10,mPOS,FMT_POS_0310,,,True,2017,2,10,5,0,0,0,0,0,0,0,0
274,mPOS,2017-02-14,mPOS,FMT_POS_0310,,,True,2017,2,14,2,0,0,0,0,0,0,0,0
319,mPOS,2017-02-14,mPOS,FMT_POS_0310,,,True,2017,2,14,2,0,0,0,0,0,0,0,0
352,mPOS,2017-02-14,mPOS,FMT_POS_0310,,,True,2017,2,14,2,0,0,0,0,0,0,0,0
385,mPOS,2017-02-14,mPOS,FMT_POS_0310,,,True,2017,2,14,2,0,0,0,0,0,0,0,0
423,mPOS,2017-02-10,mPOS,FMT_POS_0310,,,True,2017,2,10,5,0,0,0,0,0,0,0,0
479,mPOS,2017-02-09,mPOS,FMT_POS_0310,,,True,2017,2,9,4,0,0,0,0,0,0,0,0
515,mPOS,2017-02-09,mPOS,FMT_POS_0310,,,True,2017,2,9,4,0,0,0,0,0,0,0,0
575,mPOS,2017-02-08,mPOS,FMT_POS_0310,,,True,2017,2,8,3,0,0,0,0,0,0,0,0
608,mPOS,2017-02-08,mPOS,FMT_POS_0310,,,True,2017,2,8,3,0,0,0,0,0,0,0,0
641,mPOS,2017-02-08,mPOS,FMT_POS_0310,,,True,2017,2,8,3,0,0,0,0,0,0,0,0
674,mPOS,2017-02-08,mPOS,FMT_POS_0310,,,True,2017,2,8,3,0,0,0,0,0,0,0,0
707,mPOS,2017-02-08,mPOS,FMT_POS_0310,,,True,2017,2,8,3,0,0,0,0,0,0,0,0
741,mPOS,2017-02-08,mPOS,FMT_POS_0310,,,True,2017,2,8,3,0,0,0,0,0,0,0,0
774,mPOS,2017-02-08,mPOS,FMT_POS_0310,,,True,2017,2,8,3,0,0,0,0,0,0,0,0
807,mPOS,2017-02-08,mPOS,FMT_POS_0310,,,True,2017,2,8,3,0,0,0,0,0,0,0,0
840,mPOS,2017-02-08,mPOS,FMT_POS_0310,,,True,2017,2,8,3,0,0,0,0,0,0,0,0
891,mPOS,2017-02-10,mPOS,FMT_POS_0310,,,True,2017,2,10,5,0,0,0,0,0,0,0,0
925,mPOS,2017-02-10,mPOS,FMT_POS_0310,,,True,2017,2,10,5,0,0,0,0,0,0,0,0
962,mPOS,2017-02-10,mPOS,FMT_POS_0310,,,True,2017,2,10,5,0,0,0,0,0,0,0,0
997,mPOS,2017-02-10,mPOS,FMT_POS_0310,,,True,2017,2,10,5,0,0,0,0,0,0,0,0
1031,mPOS,2017-02-10,mPOS,FMT_POS_0310,,,True,2017,2,10,5,0,0,0,0,0,0,0,0
1088,mPOS,2017-02-14,mPOS,FMT_POS_0310,,,True,2017,2,14,2,0,0,0,0,0,0,0,0
1121,mPOS,2017-02-14,mPOS,FMT_POS_0310,,,True,2017,2,14,2,0,0,0,0,0,0,0,0
1188,mPOS,2017-02-09,mPOS,FMT_POS_0310,,,True,2017,2,9,4,0,0,0,0,0,0,0,0
1278,mPOS,2017-02-14,mPOS,FMT_POS_0310,,,True,2017,2,14,2,0,0,0,0,0,0,0,0
1315,mPOS,2017-02-14,mPOS,FMT_POS_0310,,,True,2017,2,14,2,0,0,0,0,0,0,0,0
1382,mPOS,2017-02-13,mPOS,FMT_POS_0310,,,True,2017,2,13,1,0,0,0,0,0,0,0,0
1565,mPOS,2017-04-19,mPOS,FMT_POS_0310,,,True,2017,4,19,3,0,0,0,0,0,0,0,0
1722,mPOS,2017-02-15,mPOS,FMT_POS_0310,,,True,2017,2,15,3,0,0,0,0,0,0,0,0
1766,mPOS,2017-02-17,mPOS,FMT_POS_0310,,,True,2017,2,17,5,0,0,0,0,0,0,0,0
1810,mPOS,2017-02-17,mPOS,FMT_POS_0310,,,True,2017,2,17,5,0,0,0,0,0,0,0,0
1855,mPOS,2017-02-16,mPOS,FMT_POS_0310,,,True,2017,2,16,4,0,0,0,0,0,0,0,0
1892,mPOS,2017-02-15,mPOS,FMT_POS_0310,,,True,2017,2,15,3,0,0,0,0,0,0,0,0
1930,mPOS,2017-02-17,mPOS,FMT_POS_0310,,,True,2017,2,17,5,0,0,0,0,0,0,0,0
1979,mPOS,2017-02-17,mPOS,FMT_POS_0310,,,True,2017,2,17,5,0,0,0,0,0,0,0,0
2010,mPOS,2017-02-17,mPOS,FMT_POS_0310,,,True,2017,2,17,5,0,0,0,0,0,0,0,0
2041,mPOS,2017-02-17,mPOS,FMT_POS_0310,,,True,2017,2,17,5,0,0,0,0,0,0,0,0
2076,mPOS,2017-02-17,mPOS,FMT_POS_0310,,,True,2017,2,17,5,0,0,0,0,0,0,0,0
2117,mPOS,2017-02-17,mPOS,FMT_POS_0310,,,True,2017,2,17,5,0,0,0,0,0,0,0,0
2270,mPOS,2017-02-17,mPOS,FMT_POS_0310,,,True,2017,2,17,5,0,0,0,0,0,0,0,0
2281,mPOS,2017-02-17,mPOS,FMT_POS_0310,,,True,2017,2,17,5,0,0,0,0,0,0,0,0
2286,mPOS,2017-02-17,mPOS,FMT_POS_0310,,,True,2017,2,17,5,0,0,0,0,0,0,0,0
2300,mPOS,2017-02-17,mPOS,FMT_POS_0310,,,True,2017,2,17,5,0,0,0,0,0,0,0,0
2333,mPOS,2017-02-17,mPOS,FMT_POS_0310,,,True,2017,2,17,5,0,0,0,0,0,0,0,0
2366,mPOS,2017-02-17,mPOS,FMT_POS_0310,,,True,2017,2,17,5,0,0,0,0,0,0,0,0
2399,mPOS,2017-02-17,mPOS,FMT_POS_0310,,,True,2017,2,17,5,0,0,0,0,0,0,0,0
2430,mPOS,2017-02-17,mPOS,FMT_POS_0310,,,True,2017,2,17,5,0,0,0,0,0,0,0,0
2487,mPOS,2017-02-17,mPOS,FMT_POS_0310,,,True,2017,2,17,5,0,0,0,0,0,0,0,0
2523,mPOS,2017-02-17,mPOS,FMT_POS_0310,,,True,2017,2,17,5,0,0,0,0,0,0,0,0
2553,mPOS,2017-02-17,mPOS,FMT_POS_0310,,,True,2017,2,17,5,0,0,0,0,0,0,0,0
2587,mPOS,2017-02-17,mPOS,FMT_POS_0310,,,True,2017,2,17,5,0,0,0,0,0,0,0,0
2663,mPOS,2017-02-16,mPOS,FMT_POS_0310,,,True,2017,2,16,4,0,0,0,0,0,0,0,0
2707,mPOS,2017-02-16,mPOS,FMT_POS_0310,,,True,2017,2,16,4,0,0,0,0,0,0,0,0
2810,mPOS,2017-02-16,mPOS,FMT_POS_0310,,,True,2017,2,16,4,0,0,0,0,0,0,0,0
2933,mPOS,2017-02-18,mPOS,FMT_POS_0310,,,True,2017,2,18,6,0,0,0,0,0,0,0,0
2984,mPOS,2017-02-17,mPOS,FMT_POS_0310,,,True,2017,2,17,5,0,0,0,0,0,0,0,0
3050,mPOS,2017-02-17,mPOS,FMT_POS_0310,,,True,2017,2,17,5,0,0,0,0,0,0,0,0
3099,mPOS,2017-02-17,mPOS,FMT_POS_0310,,,True,2017,2,17,5,0,0,0,0,0,0,0,0
3103,mPOS,2017-02-17,mPOS,FMT_POS_0310,,,True,2017,2,17,5,0,0,0,0,0,0,0,0
3108,mPOS,2017-02-17,mPOS,FMT_POS_0310,,,True,2017,2,17,5,0,0,0,0,0,0,0,0
3114,mPOS,2017-02-17,mPOS,FMT_POS_0310,,,True,2017,2,17,5,0,0,0,0,0,0,0,0
3121,mPOS,2017-02-17,mPOS,FMT_POS_0310,,,True,2017,2,17,5,0,0,0,0,0,0,0,0
3129,mPOS,2017-02-17,mPOS,FMT_POS_0310,,,True,2017,2,17,5,0,0,0,0,0,0,0,0
3138,mPOS,2017-02-17,mPOS,FMT_POS_0310,,,True,2017,2,17,5,0,0,0,0,0,0,0,0
3148,mPOS,2017-02-17,mPOS,FMT_POS_0310,,,True,2017,2,17,5,0,0,0,0,0,0,0,0
3159,mPOS,2017-02-17,mPOS,FMT_POS_0310,,,True,2017,2,17,5,0,0,0,0,0,0,0,0
3171,mPOS,2017-02-17,mPOS,FMT_POS_0310,,,True,2017,2,17,5,0,0,0,0,0,0,0,0
3184,mPOS,2017-02-17,mPOS,FMT_POS_0310,,,True,2017,2,17,5,0,0,0,0,0,0,0,0
3198,mPOS,2017-02-17,mPOS,FMT_POS_0310,,,True,2017,2,17,5,0,0,0,0,0,0,0,0
3213,mPOS,2017-02-17,mPOS,FMT_POS_0310,,,True,2017,2,17,5,0,0,0,0,0,0,0,0
3229,mPOS,2017-02-17,mPOS,FMT_POS_0310,,,True,2017,2,17,5,0,0,0,0,0,0,0,0
3246,mPOS,2017-02-17,mPOS,FMT_POS_0310,,,True,2017,2,17,5,0,0,0,0,0,0,0,0
3264,mPOS,2017-02-17,mPOS,FMT_POS_0310,,,True,2017,2,17,5,0,0,0,0,0,0,0,0
3283,mPOS,2017-02-17,mPOS,FMT_POS_0310,,,True,2017,2,17,5,0,0,0,0,0,0,0,0
3303,mPOS,2017-02-17,mPOS,FMT_POS_0310,,,True,2017,2,17,5,0,0,0,0,0,0,0,0
3323,mPOS,2017-02-17,mPOS,FMT_POS_0310,,,True,2017,2,17,5,0,0,0,0,0,0,0,0
3343,mPOS,2017-02-17,mPOS,FMT_POS_0310,,,True,2017,2,17,5,0,0,0,0,0,0,0,0
3364,mPOS,2017-02-17,mPOS,FMT_POS_0310,,,True,2017,2,17,5,0,0,0,0,0,0,0,0
3386,mPOS,2017-02-17,mPOS,FMT_POS_0310,,,True,2017,2,17,5,0,0,0,0,0,0,0,0
3409,mPOS,2017-02-17,mPOS,FMT_POS_0310,,,True,2017,2,17,5,0,0,0,0,0,0,0,0
3433,mPOS,2017-02-17,mPOS,FMT_POS_0310,,,True,2017,2,17,5,0,0,0,0,0,0,0,0
3458,mPOS,2017-02-17,mPOS,FMT_POS_0310,,,True,2017,2,17,5,0,0,0,0,0,0,0,0
3484,mPOS,2017-02-17,mPOS,FMT_POS_0310,,,True,2017,2,17,5,0,0,0,0,0,0,0,0
3511,mPOS,2017-02-17,mPOS,FMT_POS_0310,,,True,2017,2,17,5,0,0,0,0,0,0,0,0
3539,mPOS,2017-02-17,mPOS,FMT_POS_0310,,,True,2017,2,17,5,0,0,0,0,0,0,0,0
3568,mPOS,2017-02-17,mPOS,FMT_POS_0310,,,True,2017,2,17,5,0,0,0,0,0,0,0,0
3598,mPOS,2017-02-17,mPOS,FMT_POS_0310,,,True,2017,2,17,5,0,0,0,0,0,0,0,0
3628,mPOS,2017-02-17,mPOS,FMT_POS_0310,,,True,2017,2,17,5,0,0,0,0,0,0,0,0
3671,mPOS,2017-02-20,mPOS,FMT_POS_0310,,,True,2017,2,20,1,0,0,0,0,0,0,0,0
3722,mPOS,2017-02-20,mPOS,FMT_POS_0310,,,True,2017,2,20,1,0,0,0,0,0,0,0,0
3767,mPOS,2017-02-18,mPOS,FMT_POS_0310,,,True,2017,2,18,6,0,0,0,0,0,0,0,0
3816,mPOS,2017-02-20,mPOS,FMT_POS_0310,,,True,2017,2,20,1,0,0,0,0,0,0,0,0
3939,mPOS,2017-02-21,mPOS,FMT_POS_0310,,,True,2017,2,21,2,0,0,0,0,0,0,0,0
4294,mPOS,2017-03-02,mPOS,FMT_POS_0310,,,True,2017,3,2,4,0,0,0,0,0,0,0,0
4625,mPOS,2017-03-07,mPOS,FMT_POS_0310,,,True,2017,3,7,2,0,0,0,0,0,0,0,0
4724,mPOS,2017-03-08,mPOS,FMT_POS_0310,,,True,2017,3,8,3,0,0,0,0,0,0,0,0
4836,mPOS,2017-03-09,mPOS,FMT_POS_0310,,,True,2017,3,9,4,0,0,0,0,0,0,0,0
4884,mPOS,2017-03-10,mPOS,FMT_POS_0310,,,True,2017,3,10,5,0,0,0,0,0,0,0,0
4946,mPOS,2017-03-10,mPOS,FMT_POS_0310,,,True,2017,3,10,5,0,0,0,0,0,0,0,0
5095,mPOS,2017-03-10,mPOS,FMT_POS_0310,,,True,2017,3,10,5,0,0,0,0,0,0,0,0
5127,mPOS,2017-03-10,mPOS,FMT_POS_0310,,,True,2017,3,10,5,0,0,0,0,0,0,0,0
5164,mPOS,2017-03-10,mPOS,FMT_POS_0310,,,True,2017,3,10,5,0,0,0,0,0,0,0,0
5200,mPOS,2017-03-10,mPOS,FMT_POS_0310,,,True,2017,3,10,5,0,0,0,0,0,0,0,0
5249,mPOS,2017-03-10,mPOS,FMT_POS_0310,,,True,2017,3,10,5,0,0,0,0,0,0,0,0
5419,mPOS,2017-02-13,mPOS,FMT_POS_0310,,,True,2017,2,13,1,0,0,0,0,0,0,0,0
5477,mPOS,2017-02-13,mPOS,FMT_POS_0310,,,True,2017,2,13,1,0,0,0,0,0,0,0,0
5527,mPOS,2017-03-07,mPOS,FMT_POS_0310,,,True,2017,3,7,2,0,0,0,0,0,0,0,0
5666,mPOS,2017-03-02,mPOS,FMT_POS_0310,,,True,2017,3,2,4,0,0,0,0,0,0,0,0
5848,mPOS,2017-02-08,mPOS,FMT_POS_0310,,,True,2017,2,8,3,0,0,0,0,0,0,0,0
5884,mPOS,2017-02-08,mPOS,FMT_POS_0310,,,True,2017,2,8,3,0,0,0,0,0,0,0,0
5932,mPOS,2017-02-08,mPOS,FMT_POS_0310,,,True,2017,2,8,3,0,0,0,0,0,0,0,0
5968,mPOS,2017-02-08,mPOS,FMT_POS_0310,,,True,2017,2,8,3,0,0,0,0,0,0,0,0
6015,mPOS,2017-02-22,mPOS,FMT_POS_0310,,,True,2017,2,22,3,0,0,0,0,0,0,0,0
6105,mPOS,2017-02-09,mPOS,FMT_POS_0310,,,True,2017,2,9,4,0,0,0,0,0,0,0,0
6217,mPOS,2017-02-09,mPOS,FMT_POS_0310,,,True,2017,2,9,4,0,0,0,0,0,0,0,0
6250,mPOS,2017-02-09,mPOS,FMT_POS_0310,,,True,2017,2,9,4,0,0,0,0,0,0,0,0
6354,mPOS,2017-02-09,mPOS,FMT_POS_0310,,,True,2017,2,9,4,0,0,0,0,0,0,0,0
6390,mPOS,2017-03-02,mPOS,FMT_POS_0310,,,True,2017,3,2,4,0,0,0,0,0,0,0,0
6432,mPOS,2017-02-17,mPOS,FMT_POS_0310,,,True,2017,2,17,5,0,0,0,0,0,0,0,0
6598,mPOS,2017-03-03,mPOS,FMT_POS_0310,,,True,2017,3,3,5,0,0,0,0,0,0,0,0
6637,mPOS,2017-03-03,mPOS,FMT_POS_0310,,,True,2017,3,3,5,0,0,0,0,0,0,0,0
6762,mPOS,2017-02-13,mPOS,FMT_POS_0310,,,True,2017,2,13,1,0,0,0,0,0,0,0,0
6805,mPOS,2017-02-13,mPOS,FMT_POS_0310,,,True,2017,2,13,1,0,0,0,0,0,0,0,0
6891,mPOS,2017-02-08,mPOS,FMT_POS_0310,,,True,2017,2,8,3,0,0,0,0,0,0,0,0
6989,mPOS,2017-02-13,mPOS,FMT_POS_0310,,,True,2017,2,13,1,0,0,0,0,0,0,0,0
7099,mPOS,2017-02-16,mPOS,FMT_POS_0310,,,True,2017,2,16,4,0,0,0,0,0,0,0,0
7321,mPOS,2017-03-01,mPOS,FMT_POS_0310,,,True,2017,3,1,3,0,0,0,0,0,0,0,0
7470,mPOS,2017-03-02,mPOS,FMT_POS_0310,,,True,2017,3,2,4,0,0,0,0,0,0,0,0
7547,mPOS,2017-03-06,mPOS,FMT_POS_0310,,,True,2017,3,6,1,0,0,0,0,0,0,0,0
7620,mPOS,2017-03-10,mPOS,FMT_POS_0310,,,True,2017,3,10,5,0,0,0,0,0,0,0,0
7706,mPOS,2017-03-01,mPOS,FMT_POS_0310,,,True,2017,3,1,3,0,0,0,0,0,0,0,0
7808,mPOS,2017-03-01,mPOS,FMT_POS_0310,,,True,2017,3,1,3,0,0,0,0,0,0,0,0
7920,mPOS,2017-03-03,mPOS,FMT_POS_0310,,,True,2017,3,3,5,0,0,0,0,0,0,0,0
8100,mPOS,2017-03-06,mPOS,FMT_POS_0310,,,True,2017,3,6,1,0,0,0,0,0,0,0,0
8134,mPOS,2017-03-06,mPOS,FMT_POS_0310,,,True,2017,3,6,1,0,0,0,0,0,0,0,0
8247,mPOS,2017-03-04,mPOS,FMT_POS_0310,,,True,2017,3,4,6,0,0,0,0,0,0,0,0
8282,mPOS,2017-03-02,mPOS,FMT_POS_0310,,,True,2017,3,2,4,0,0,0,0,0,0,0,0
8355,mPOS,2017-03-02,mPOS,FMT_POS_0310,,,True,2017,3,2,4,0,0,0,0,0,0,0,0
8400,mPOS,2017-03-02,mPOS,FMT_POS_0310,,,True,2017,3,2,4,0,0,0,0,0,0,0,0
8442,mPOS,2017-03-02,mPOS,FMT_POS_0310,,,True,2017,3,2,4,0,0,0,0,0,0,0,0
8569,mPOS,2017-03-07,mPOS,FMT_POS_0310,,,True,2017,3,7,2,0,0,0,0,0,0,0,0
8610,mPOS,2017-03-10,mPOS,FMT_POS_0310,,,True,2017,3,10,5,0,0,0,0,0,0,0,0
9237,mPOS,2017-03-10,mPOS,FMT_POS_0310,,,True,2017,3,10,5,0,0,0,0,0,0,0,0
9276,mPOS,2017-03-10,mPOS,FMT_POS_0310,,,True,2017,3,10,5,0,0,0,0,0,0,0,0
9308,mPOS,2017-03-10,mPOS,FMT_POS_0310,,,True,2017,3,10,5,0,0,0,0,0,0,0,0
9361,mPOS,2017-03-10,mPOS,FMT_POS_0310,,,True,2017,3,10,5,0,0,0,0,0,0,0,0
9393,mPOS,2017-03-10,mPOS,FMT_POS_0310,,,True,2017,3,10,5,0,0,0,0,0,0,0,0
9542,mPOS,2017-03-10,mPOS,FMT_POS_0310,,,True,2017,3,10,5,0,0,0,0,0,0,0,0
9617,mPOS,2017-03-10,mPOS,FMT_POS_0310,,,True,2017,3,10,5,0,0,0,0,0,0,0,0
9661,mPOS,2017-03-10,mPOS,FMT_POS_0310,,,True,2017,3,10,5,0,0,0,0,0,0,0,0
9697,mPOS,2017-03-10,mPOS,FMT_POS_0310,,,True,2017,3,10,5,0,0,0,0,0,0,0,0
9736,mPOS,2017-03-10,mPOS,FMT_POS_0310,,,True,2017,3,10,5,0,0,0,0,0,0,0,0
9800,mPOS,2017-03-07,mPOS,FMT_POS_0310,,,True,2017,3,7,2,0,0,0,0,0,0,0,0
9876,mPOS,2017-03-09,mPOS,FMT_POS_0310,,,True,2017,3,9,4,0,0,0,0,0,0,0,0
9926,mPOS,2017-03-08,mPOS,FMT_POS_0310,,,True,2017,3,8,3,0,0,0,0,0,0,0,0
10073,mPOS,2017-03-08,mPOS,FMT_POS_0310,,,True,2017,3,8,3,0,0,0,0,0,0,0,0
10138,mPOS,2017-03-08,mPOS,FMT_POS_0310,,,True,2017,3,8,3,0,0,0,0,0,0,0,0
10592,mPOS,2017-03-13,mPOS,FMT_POS_0310,,,True,2017,3,13,1,0,0,0,0,0,0,0,0
10625,mPOS,2017-03-13,mPOS,FMT_POS_0310,,,True,2017,3,13,1,0,0,0,0,0,0,0,0
10670,mPOS,2017-03-13,mPOS,FMT_POS_0310,,,True,2017,3,13,1,0,0,0,0,0,0,0,0
10751,mPOS,2017-03-14,mPOS,FMT_POS_0310,,,True,2017,3,14,2,0,0,0,0,0,0,0,0
10868,mPOS,2017-03-14,mPOS,FMT_POS_0310,,,True,2017,3,14,2,0,0,0,0,0,0,0,0
10914,mPOS,2017-03-14,mPOS,FMT_POS_0310,,,True,2017,3,14,2,0,0,0,0,0,0,0,0
10946,mPOS,2017-03-14,mPOS,FMT_POS_0310,,,True,2017,3,14,2,0,0,0,0,0,0,0,0
10984,mPOS,2017-03-14,mPOS,FMT_POS_0310,,,True,2017,3,14,2,0,0,0,0,0,0,0,0
11016,mPOS,2017-03-14,mPOS,FMT_POS_0310,,,True,2017,3,14,2,0,0,0,0,0,0,0,0
11113,mPOS,2017-03-14,mPOS,FMT_POS_0310,,,True,2017,3,14,2,0,0,0,0,0,0,0,0
11146,mPOS,2017-03-14,mPOS,FMT_POS_0310,,,True,2017,3,14,2,0,0,0,0,0,0,0,0
11203,mPOS,2017-03-14,mPOS,FMT_POS_0310,,,True,2017,3,14,2,0,0,0,0,0,0,0,0
11281,mPOS,2017-03-13,mPOS,FMT_POS_0310,,,True,2017,3,13,1,0,0,0,0,0,0,0,0
11339,mPOS,2017-03-13,mPOS,FMT_POS_0310,,,True,2017,3,13,1,0,0,0,0,0,0,0,0
11623,mPOS,2017-03-15,mPOS,FMT_POS_0310,,,True,2017,3,15,3,0,0,0,0,0,0,0,0
11878,mPOS,2017-03-15,mPOS,FMT_POS_0310,,,True,2017,3,15,3,0,0,0,0,0,0,0,0
11911,mPOS,2017-03-15,mPOS,FMT_POS_0310,,,True,2017,3,15,3,0,0,0,0,0,0,0,0
11985,mPOS,2017-03-15,mPOS,FMT_POS_0310,,,True,2017,3,15,3,0,0,0,0,0,0,0,0
12028,mPOS,2017-03-15,mPOS,FMT_POS_0310,,,True,2017,3,15,3,0,0,0,0,0,0,0,0
12152,mPOS,2017-03-15,mPOS,FMT_POS_0310,,,True,2017,3,15,3,0,0,0,0,0,0,0,0
12268,mPOS,2017-03-17,mPOS,FMT_POS_0310,,,True,2017,3,17,5,0,0,0,0,0,0,0,0
12376,mPOS,2017-03-17,mPOS,FMT_POS_0310,,,True,2017,3,17,5,0,0,0,0,0,0,0,0
12408,mPOS,2017-03-17,mPOS,FMT_POS_0310,,,True,2017,3,17,5,0,0,0,0,0,0,0,0
12466,mPOS,2017-03-17,mPOS,FMT_POS_0310,,,True,2017,3,17,5,0,0,0,0,0,0,0,0
12575,mPOS,2017-03-17,mPOS,FMT_POS_0310,,,True,2017,3,17,5,0,0,0,0,0,0,0,0
12679,mPOS,2017-03-16,mPOS,FMT_POS_0310,,,True,2017,3,16,4,0,0,0,0,0,0,0,0
12867,mPOS,2017-03-16,mPOS,FMT_POS_0310,,,True,2017,3,16,4,0,0,0,0,0,0,0,0
12985,mPOS,2017-03-16,mPOS,FMT_POS_0310,,,True,2017,3,16,4,0,0,0,0,0,0,0,0
13095,mPOS,2017-03-17,mPOS,FMT_POS_0310,,,True,2017,3,17,5,0,0,0,0,0,0,0,0
13238,mPOS,2017-03-16,mPOS,FMT_POS_0310,,,True,2017,3,16,4,0,0,0,0,0,0,0,0
13271,mPOS,2017-03-16,mPOS,FMT_POS_0310,,,True,2017,3,16,4,0,0,0,0,0,0,0,0
13637,mPOS,2017-03-20,mPOS,FMT_POS_0310,,,True,2017,3,20,1,0,0,0,0,0,0,0,0
13670,mPOS,2017-03-20,mPOS,FMT_POS_0310,,,True,2017,3,20,1,0,0,0,0,0,0,0,0
13723,mPOS,2017-03-20,mPOS,FMT_POS_0310,,,True,2017,3,20,1,0,0,0,0,0,0,0,0
13758,mPOS,2017-03-20,mPOS,FMT_POS_0310,,,True,2017,3,20,1,0,0,0,0,0,0,0,0
13860,mPOS,2017-03-20,mPOS,FMT_POS_0310,,,True,2017,3,20,1,0,0,0,0,0,0,0,0
13984,mPOS,2017-03-20,mPOS,FMT_POS_0310,,,True,2017,3,20,1,0,0,0,0,0,0,0,0
14043,mPOS,2017-03-20,mPOS,FMT_POS_0310,,,True,2017,3,20,1,0,0,0,0,0,0,0,0
14095,mPOS,2017-03-20,mPOS,FMT_POS_0310,,,True,2017,3,20,1,0,0,0,0,0,0,0,0
14141,mPOS,2017-03-20,mPOS,FMT_POS_0310,,,True,2017,3,20,1,0,0,0,0,0,0,0,0
14202,mPOS,2017-03-20,mPOS,FMT_POS_0310,,,True,2017,3,20,1,0,0,0,0,0,0,0,0
14235,mPOS,2017-03-20,mPOS,FMT_POS_0310,,,True,2017,3,20,1,0,0,0,0,0,0,0,0
14295,mPOS,2017-03-20,mPOS,FMT_POS_0310,,,True,2017,3,20,1,0,0,0,0,0,0,0,0
14359,mPOS,2017-03-20,mPOS,FMT_POS_0310,,,True,2017,3,20,1,0,0,0,0,0,0,0,0
14417,mPOS,2017-03-21,mPOS,FMT_POS_0310,,,True,2017,3,21,2,0,0,0,0,0,0,0,0
14450,mPOS,2017-03-21,mPOS,FMT_POS_0310,,,True,2017,3,21,2,0,0,0,0,0,0,0,0
14484,mPOS,2017-03-21,mPOS,FMT_POS_0310,,,True,2017,3,21,2,0,0,0,0,0,0,0,0
14533,mPOS,2017-03-21,mPOS,FMT_POS_0310,,,True,2017,3,21,2,0,0,0,0,0,0,0,0
14598,mPOS,2017-03-21,mPOS,FMT_POS_0310,,,True,2017,3,21,2,0,0,0,0,0,0,0,0
14716,mPOS,2017-03-22,mPOS,FMT_POS_0310,,,True,2017,3,22,3,0,0,0,0,0,0,0,0
14804,mPOS,2017-03-24,mPOS,FMT_POS_0310,,,True,2017,3,24,5,0,0,0,0,0,0,0,0
14972,mPOS,2017-03-23,mPOS,FMT_POS_0310,,,True,2017,3,23,4,0,0,0,0,0,0,0,0
15016,mPOS,2017-03-24,mPOS,FMT_POS_0310,,,True,2017,3,24,5,0,0,0,0,0,0,0,0
15088,mPOS,2017-03-23,mPOS,FMT_POS_0310,,,True,2017,3,23,4,0,0,0,0,0,0,0,0
15352,mPOS,2017-03-24,mPOS,FMT_POS_0310,,,True,2017,3,24,5,0,0,0,0,0,0,0,0
15459,mPOS,2017-03-24,mPOS,FMT_POS_0310,,,True,2017,3,24,5,0,0,0,0,0,0,0,0
15462,mPOS,2017-03-24,mPOS,FMT_POS_0310,,,True,2017,3,24,5,0,0,0,0,0,0,0,0
15464,mPOS,2017-03-24,mPOS,FMT_POS_0310,,,True,2017,3,24,5,0,0,0,0,0,0,0,0
15600,mPOS,2017-03-23,mPOS,FMT_POS_0310,,,True,2017,3,23,4,0,0,0,0,0,0,0,0
15739,mPOS,2017-03-21,mPOS,FMT_POS_0310,,,True,2017,3,21,2,0,0,0,0,0,0,0,0
15939,mPOS,2017-03-23,mPOS,FMT_POS_0310,,,True,2017,3,23,4,0,0,0,0,0,0,0,0
16181,mPOS,2017-03-24,mPOS,FMT_POS_0310,,,True,2017,3,24,5,0,0,0,0,0,0,0,0
16252,mPOS,2017-03-24,mPOS,FMT_POS_0310,,,True,2017,3,24,5,0,0,0,0,0,0,0,0
16358,mPOS,2017-03-23,mPOS,FMT_POS_0310,,,True,2017,3,23,4,0,0,0,0,0,0,0,0
16395,mPOS,2017-03-23,mPOS,FMT_POS_0310,,,True,2017,3,23,4,0,0,0,0,0,0,0,0
16456,mPOS,2017-03-23,mPOS,FMT_POS_0310,,,True,2017,3,23,4,0,0,0,0,0,0,0,0
16457,mPOS,2017-03-23,mPOS,FMT_POS_0310,,,True,2017,3,23,4,0,0,0,0,0,0,0,0
16477,mPOS,2017-03-23,mPOS,FMT_POS_0310,,,True,2017,3,23,4,0,0,0,0,0,0,0,0
16512,mPOS,2017-03-23,mPOS,FMT_POS_0310,,,True,2017,3,23,4,0,0,0,0,0,0,0,0
16559,mPOS,2017-03-23,mPOS,FMT_POS_0310,,,True,2017,3,23,4,0,0,0,0,0,0,0,0
16626,mPOS,2017-03-24,mPOS,FMT_POS_0310,,,True,2017,3,24,5,0,0,0,0,0,0,0,0
16658,mPOS,2017-03-24,mPOS,FMT_POS_0310,,,True,2017,3,24,5,0,0,0,0,0,0,0,0
16690,mPOS,2017-03-24,mPOS,FMT_POS_0310,,,True,2017,3,24,5,0,0,0,0,0,0,0,0
16722,mPOS,2017-03-24,mPOS,FMT_POS_0310,,,True,2017,3,24,5,0,0,0,0,0,0,0,0
16773,mPOS,2017-03-24,mPOS,FMT_POS_0310,,,True,2017,3,24,5,0,0,0,0,0,0,0,0
16794,mPOS,2017-03-24,mPOS,FMT_POS_0310,,,True,2017,3,24,5,0,0,0,0,0,0,0,0
16980,mPOS,2017-03-24,mPOS,FMT_POS_0310,,,True,2017,3,24,5,0,0,0,0,0,0,0,0
17194,mPOS,2017-03-21,mPOS,FMT_POS_0310,,,True,2017,3,21,2,0,0,0,0,0,0,0,0
17256,mPOS,2017-03-23,mPOS,FMT_POS_0310,,,True,2017,3,23,4,0,0,0,0,0,0,0,0
17297,mPOS,2017-03-23,mPOS,FMT_POS_0310,,,True,2017,3,23,4,0,0,0,0,0,0,0,0
17397,mPOS,2017-03-23,mPOS,FMT_POS_0310,,,True,2017,3,23,4,0,0,0,0,0,0,0,0
17557,mPOS,2017-03-31,mPOS,FMT_POS_0310,,,True,2017,3,31,5,0,0,0,0,0,0,0,0
17648,mPOS,2017-03-31,mPOS,FMT_POS_0310,,,True,2017,3,31,5,0,0,0,0,0,0,0,0
17760,mPOS,2017-03-30,mPOS,FMT_POS_0310,,,True,2017,3,30,4,0,0,0,0,0,0,0,0
17799,mPOS,2017-03-31,mPOS,FMT_POS_0310,,,True,2017,3,31,5,0,0,0,0,0,0,0,0
17874,mPOS,2017-03-30,mPOS,FMT_POS_0310,,,True,2017,3,30,4,0,0,0,0,0,0,0,0
18047,mPOS,2017-03-30,mPOS,FMT_POS_0310,,,True,2017,3,30,4,0,0,0,0,0,0,0,0
18132,mPOS,2017-03-30,mPOS,FMT_POS_0310,,,True,2017,3,30,4,0,0,0,0,0,0,0,0
18206,mPOS,2017-03-29,mPOS,FMT_POS_0310,,,True,2017,3,29,3,0,0,0,0,0,0,0,0
18239,mPOS,2017-03-29,mPOS,FMT_POS_0310,,,True,2017,3,29,3,0,0,0,0,0,0,0,0
18387,mPOS,2017-03-29,mPOS,FMT_POS_0310,,,True,2017,3,29,3,0,0,0,0,0,0,0,0
18438,mPOS,2017-03-29,mPOS,FMT_POS_0310,,,True,2017,3,29,3,0,0,0,0,0,0,0,0
19067,mPOS,2017-03-29,mPOS,FMT_POS_0310,,,True,2017,3,29,3,0,0,0,0,0,0,0,0
19101,mPOS,2017-03-29,mPOS,FMT_POS_0310,,,True,2017,3,29,3,0,0,0,0,0,0,0,0
19475,mPOS,2017-03-29,mPOS,FMT_POS_0310,,,True,2017,3,29,3,0,0,0,0,0,0,0,0
19508,mPOS,2017-03-29,mPOS,FMT_POS_0310,,,True,2017,3,29,3,0,0,0,0,0,0,0,0
19592,mPOS,2017-03-31,mPOS,FMT_POS_0310,,,True,2017,3,31,5,0,0,0,0,0,0,0,0
19836,mPOS,2017-03-28,mPOS,FMT_POS_0310,,,True,2017,3,28,2,0,0,0,0,0,0,0,0
20380,mPOS,2017-03-30,mPOS,FMT_POS_0310,,,True,2017,3,30,4,0,0,0,0,0,0,0,0
20599,mPOS,2017-03-31,mPOS,FMT_POS_0310,,,True,2017,3,31,5,0,0,0,0,0,0,0,0
20821,mPOS,2017-03-28,mPOS,FMT_POS_0310,,,True,2017,3,28,2,0,0,0,0,0,0,0,0
20854,mPOS,2017-03-28,mPOS,FMT_POS_0310,,,True,2017,3,28,2,0,0,0,0,0,0,0,0
20888,mPOS,2017-03-28,mPOS,FMT_POS_0310,,,True,2017,3,28,2,0,0,0,0,0,0,0,0
20953,mPOS,2017-03-30,mPOS,FMT_POS_0310,,,True,2017,3,30,4,0,0,0,0,0,0,0,0
21024,mPOS,2017-03-29,mPOS,FMT_POS_0310,,,True,2017,3,29,3,0,0,0,0,0,0,0,0
21160,mPOS,2017-03-29,mPOS,FMT_POS_0310,,,True,2017,3,29,3,0,0,0,0,0,0,0,0
21193,mPOS,2017-03-29,mPOS,FMT_POS_0310,,,True,2017,3,29,3,0,0,0,0,0,0,0,0
21239,mPOS,2017-03-29,mPOS,FMT_POS_0310,,,True,2017,3,29,3,0,0,0,0,0,0,0,0
21362,mPOS,2017-04-05,mPOS,FMT_POS_0310,,,True,2017,4,5,3,0,0,0,0,0,0,0,0
21458,mPOS,2017-04-05,mPOS,FMT_POS_0310,,,True,2017,4,5,3,0,0,0,0,0,0,0,0
21564,mPOS,2017-04-05,mPOS,FMT_POS_0310,,,True,2017,4,5,3,0,0,0,0,0,0,0,0
22375,mPOS,2017-04-06,mPOS,FMT_POS_0310,,,True,2017,4,6,4,0,0,0,0,0,0,0,0
22808,mPOS,2017-04-10,mPOS,FMT_POS_0310,,,True,2017,4,10,1,0,0,0,0,0,0,0,0
22846,mPOS,2017-04-10,mPOS,FMT_POS_0310,2015-04-10,2017-04-10,True,2017,4,10,1,2015,4,10,5,2017,4,10,1
22856,mPOS,2017-04-10,mPOS,FMT_POS_0310,2015-04-10,2017-04-10,True,2017,4,10,1,2015,4,10,5,2017,4,10,1
22871,mPOS,2017-04-10,mPOS,FMT_POS_0310,,,True,2017,4,10,1,0,0,0,0,0,0,0,0
22924,mPOS,2017-04-10,mPOS,FMT_POS_0310,,,True,2017,4,10,1,0,0,0,0,0,0,0,0
23329,mPOS,2017-04-07,mPOS,FMT_POS_0310,,,True,2017,4,7,5,0,0,0,0,0,0,0,0
23416,mPOS,2017-04-07,mPOS,FMT_POS_0310,,,True,2017,4,7,5,0,0,0,0,0,0,0,0
23685,mPOS,2017-04-07,mPOS,FMT_POS_0310,,,True,2017,4,7,5,0,0,0,0,0,0,0,0
23755,mPOS,2017-04-07,mPOS,FMT_POS_0310,,,True,2017,4,7,5,0,0,0,0,0,0,0,0
23788,mPOS,2017-04-07,mPOS,FMT_POS_0310,,,True,2017,4,7,5,0,0,0,0,0,0,0,0
24377,mPOS,2017-04-06,mPOS,FMT_POS_0310,,,True,2017,4,6,4,0,0,0,0,0,0,0,0
24417,mPOS,2017-04-08,mPOS,FMT_POS_0310,,,True,2017,4,8,6,0,0,0,0,0,0,0,0
24469,mPOS,2017-04-08,mPOS,FMT_POS_0310,,,True,2017,4,8,6,0,0,0,0,0,0,0,0
24501,mPOS,2017-04-08,mPOS,FMT_POS_0310,,,True,2017,4,8,6,0,0,0,0,0,0,0,0
25251,mPOS,2017-04-07,mPOS,FMT_POS_0310,,,True,2017,4,7,5,0,0,0,0,0,0,0,0
25354,mPOS,2017-04-06,mPOS,FMT_POS_0310,,,True,2017,4,6,4,0,0,0,0,0,0,0,0
25576,mPOS,2017-04-08,mPOS,FMT_POS_0310,,,True,2017,4,8,6,0,0,0,0,0,0,0,0
25882,mPOS,2017-04-07,mPOS,FMT_POS_0310,,,True,2017,4,7,5,0,0,0,0,0,0,0,0
26059,mPOS,2017-04-10,mPOS,FMT_POS_0310,,,True,2017,4,10,1,0,0,0,0,0,0,0,0
26090,mPOS,2017-04-10,mPOS,FMT_POS_0310,,,True,2017,4,10,1,0,0,0,0,0,0,0,0
26132,mPOS,2017-04-10,mPOS,FMT_POS_0310,,,True,2017,4,10,1,0,0,0,0,0,0,0,0
26330,mPOS,2017-04-11,mPOS,FMT_POS_0310,2014-04-11,2017-04-11,True,2017,4,11,2,2014,4,11,5,2017,4,11,2
26916,mPOS,2017-04-10,mPOS,FMT_POS_0310,,,True,2017,4,10,1,0,0,0,0,0,0,0,0
27070,mPOS,2017-04-11,mPOS,FMT_POS_0310,,,True,2017,4,11,2,0,0,0,0,0,0,0,0
27167,mPOS,2017-04-11,mPOS,FMT_POS_0310,,,True,2017,4,11,2,0,0,0,0,0,0,0,0
27200,mPOS,2017-04-11,mPOS,FMT_POS_0310,,,True,2017,4,11,2,0,0,0,0,0,0,0,0
27308,mPOS,2017-04-11,mPOS,FMT_POS_0310,,,True,2017,4,11,2,0,0,0,0,0,0,0,0
27367,mPOS,2017-04-11,mPOS,FMT_POS_0310,,,True,2017,4,11,2,0,0,0,0,0,0,0,0
27450,mPOS,2017-04-11,mPOS,FMT_POS_0310,,,True,2017,4,11,2,0,0,0,0,0,0,0,0
27523,mPOS,2017-04-11,mPOS,FMT_POS_0310,,,True,2017,4,11,2,0,0,0,0,0,0,0,0
27601,mPOS,2017-04-11,mPOS,FMT_POS_0310,,,True,2017,4,11,2,0,0,0,0,0,0,0,0
27632,mPOS,2017-04-11,mPOS,FMT_POS_0310,2015-04-11,2017-04-11,True,2017,4,11,2,2015,4,11,6,2017,4,11,2
27685,mPOS,2017-04-10,mPOS,FMT_POS_0310,2015-04-10,2017-04-10,True,2017,4,10,1,2015,4,10,5,2017,4,10,1
27686,mPOS,2017-04-10,mPOS,FMT_POS_0310,2015-04-10,2017-04-10,True,2017,4,10,1,2015,4,10,5,2017,4,10,1
27754,mPOS,2017-04-10,mPOS,FMT_POS_0310,,,True,2017,4,10,1,0,0,0,0,0,0,0,0
27980,mPOS,2017-04-14,mPOS,FMT_POS_0310,,,True,2017,4,14,5,0,0,0,0,0,0,0,0
28011,mPOS,2017-04-14,mPOS,FMT_POS_0310,,,True,2017,4,14,5,0,0,0,0,0,0,0,0
28076,mPOS,2017-04-14,mPOS,FMT_POS_0310,,,True,2017,4,14,5,0,0,0,0,0,0,0,0
28162,mPOS,2017-04-14,mPOS,FMT_POS_0310,,,True,2017,4,14,5,0,0,0,0,0,0,0,0
28200,mPOS,2017-04-14,mPOS,FMT_POS_0310,,,True,2017,4,14,5,0,0,0,0,0,0,0,0
28231,mPOS,2017-04-14,mPOS,FMT_POS_0310,,,True,2017,4,14,5,0,0,0,0,0,0,0,0
28264,mPOS,2017-04-14,mPOS,FMT_POS_0310,,,True,2017,4,14,5,0,0,0,0,0,0,0,0
28295,mPOS,2017-04-14,mPOS,FMT_POS_0310,,,True,2017,4,14,5,0,0,0,0,0,0,0,0
28344,mPOS,2017-04-14,mPOS,FMT_POS_0310,,,True,2017,4,14,5,0,0,0,0,0,0,0,0
28546,mPOS,2017-04-14,mPOS,FMT_POS_0310,,,True,2017,4,14,5,0,0,0,0,0,0,0,0
28589,mPOS,2017-04-14,mPOS,FMT_POS_0310,,,True,2017,4,14,5,0,0,0,0,0,0,0,0
28624,mPOS,2017-04-14,mPOS,FMT_POS_0310,,,True,2017,4,14,5,0,0,0,0,0,0,0,0
28719,mPOS,2017-04-10,mPOS,FMT_POS_0310,,,True,2017,4,10,1,0,0,0,0,0,0,0,0
28819,mPOS,2017-04-17,mPOS,FMT_POS_0310,,,True,2017,4,17,1,0,0,0,0,0,0,0,0
28885,mPOS,2017-04-14,mPOS,FMT_POS_0310,,,True,2017,4,14,5,0,0,0,0,0,0,0,0
29052,mPOS,2017-04-13,mPOS,FMT_POS_0310,,,True,2017,4,13,4,0,0,0,0,0,0,0,0
29088,mPOS,2017-04-13,mPOS,FMT_POS_0310,,,True,2017,4,13,4,0,0,0,0,0,0,0,0
29166,mPOS,2017-04-13,mPOS,FMT_POS_0310,,,True,2017,4,13,4,0,0,0,0,0,0,0,0
29227,mPOS,2017-04-14,mPOS,FMT_POS_0310,2014-04-14,2017-04-14,True,2017,4,14,5,2014,4,14,1,2017,4,14,5
29267,mPOS,2017-04-14,mPOS,FMT_POS_0310,,,True,2017,4,14,5,0,0,0,0,0,0,0,0
29299,mPOS,2017-04-14,mPOS,FMT_POS_0310,,,True,2017,4,14,5,0,0,0,0,0,0,0,0
29332,mPOS,2017-04-14,mPOS,FMT_POS_0310,,,True,2017,4,14,5,0,0,0,0,0,0,0,0
29375,mPOS,2017-04-14,mPOS,FMT_POS_0310,,,True,2017,4,14,5,0,0,0,0,0,0,0,0
29416,mPOS,2017-04-14,mPOS,FMT_POS_0310,,,True,2017,4,14,5,0,0,0,0,0,0,0,0
29570,mPOS,2017-04-17,mPOS,FMT_POS_0310,,,True,2017,4,17,1,0,0,0,0,0,0,0,0
29637,mPOS,2017-04-17,mPOS,FMT_POS_0310,,,True,2017,4,17,1,0,0,0,0,0,0,0,0
29668,mPOS,2017-04-17,mPOS,FMT_POS_0310,,,True,2017,4,17,1,0,0,0,0,0,0,0,0
29704,mPOS,2017-04-14,mPOS,FMT_POS_0310,,,True,2017,4,14,5,0,0,0,0,0,0,0,0
29754,mPOS,2017-04-17,mPOS,FMT_POS_0310,,,True,2017,4,17,1,0,0,0,0,0,0,0,0
29999,mPOS,2017-04-13,mPOS,FMT_POS_0310,2015-04-11,2017-04-11,True,2017,4,13,4,2015,4,11,6,2017,4,11,2
30030,mPOS,2017-04-13,mPOS,FMT_POS_0310,,,False,2017,4,13,4,0,0,0,0,0,0,0,0
30063,mPOS,2017-04-13,mPOS,FMT_POS_0310,,,False,2017,4,13,4,0,0,0,0,0,0,0,0
30094,mPOS,2017-04-13,mPOS,FMT_POS_0310,,,False,2017,4,13,4,0,0,0,0,0,0,0,0
30125,mPOS,2017-04-13,mPOS,FMT_POS_0310,,,False,2017,4,13,4,0,0,0,0,0,0,0,0
30715,mPOS,2017-04-18,mPOS,FMT_POS_0310,,,True,2017,4,18,2,0,0,0,0,0,0,0,0
30837,mPOS,2017-04-18,mPOS,FMT_POS_0310,,,True,2017,4,18,2,0,0,0,0,0,0,0,0
30988,mPOS,2017-04-18,mPOS,FMT_POS_0310,,,True,2017,4,18,2,0,0,0,0,0,0,0,0
31127,mPOS,2017-04-18,mPOS,FMT_POS_0310,,,True,2017,4,18,2,0,0,0,0,0,0,0,0
31158,mPOS,2017-04-18,mPOS,FMT_POS_0310,,,True,2017,4,18,2,0,0,0,0,0,0,0,0
31870,mPOS,2017-04-20,mPOS,FMT_POS_0310,,,True,2017,4,20,4,0,0,0,0,0,0,0,0
31945,mPOS,2017-04-20,mPOS,FMT_POS_0310,,,True,2017,4,20,4,0,0,0,0,0,0,0,0
31987,mPOS,2017-04-20,mPOS,FMT_POS_0310,,,True,2017,4,20,4,0,0,0,0,0,0,0,0
32043,mPOS,2017-04-20,mPOS,FMT_POS_0310,,,True,2017,4,20,4,0,0,0,0,0,0,0,0
32096,mPOS,2017-04-20,mPOS,FMT_POS_0310,,,True,2017,4,20,4,0,0,0,0,0,0,0,0
32243,mPOS,2017-04-20,mPOS,FMT_POS_0310,,,True,2017,4,20,4,0,0,0,0,0,0,0,0
